artist_name,artist_type,home_city,home_state,facebook_url,facebook_status,website_url,website_status,needs_facebook_url,needs_official_website_url,booking_email,phone,first_seen,last_seen,times_seen,facebook_events_in_db,confidence,notes
Alex Bevan,solo,Cleveland,OH,https://www.facebook.com/alex.bevan.73,confirmed_from_socials_or_scrape,https://alexbevan.com,official_or_artist_calendar,NO,NO,,,2014-10-05,2026-10-17,54,8,official_artist_calendar,Official website schedule and Bandsintown calendar imported; public Facebook events page checked 2026-05-18 for recovered public history.
Austin Walkin' Cane,solo,Cleveland,OH,https://facebook.com/Austin-Walkin-Cane-Wire-Wood-Blues-300619069995563,confirmed_from_socials_or_scrape,https://walkincane.com/,official_or_artist_calendar,NO,NO,,,2026-01-02,2026-07-18,66,8,official_artist_website_plus_public_venue_pages,"Official walkincane.com events parsed; public Facebook profile checked but public event data was login-gated, so future adds also use public venue/festival pages: Forest City Brewery, Visible Voice Books, Federated Church, Kent Blues Fest, Music Box."
Brent Kirby,solo,Cleveland,OH,https://www.facebook.com/brentkirbymusic,confirmed_from_socials_or_scrape,https://www.brentkirby.com/tour,official_or_artist_calendar,NO,NO,,,2026-03-18,2026-12-16,52,8,official_artist_calendar,Official Brent Kirby tour page parsed. Facebook events checked; public access required login during setup.
CORRY MICHAELS SUMM3R26 TOUR,unknown,,OH,,missing,,missing,YES,YES,,,,,1,0,needs_review,
Doug Ribley,solo,Akron,OH,,missing,https://filiacellars.com/,public_listing_or_profile_not_official,YES,YES,,,2024-04-27,2026-06-12,10,0,public_calendar_and_recovered_listings,No official artist site found. Public Filia Cellars schedule is checked daily; Rialto and Medina/Dine Medina County public listings recovered as history.
Drum Karaoke Hosted by Billy Coakley,unknown,,OH,,missing,,missing,YES,YES,,,,,1,0,needs_review,
Furious George Hartwig,solo,Cleveland,OH,https://www.facebook.com/furiousgeorgehartwig,confirmed_from_socials_or_scrape,https://furiousgeorgehartwig.com/home,official_or_artist_calendar,NO,NO,,,2026-05-14,2026-12-26,87,5,artist_site,Contact page says: Click Here to Email FGH for Info and Booking inquiries.
Greg n Jill,duo,,OH,,missing,,missing,YES,YES,,,2026-04-25,2026-06-27,3,0,filia_schedule_public_listing,Found on Filia Cellars 2026 public music schedule and Dine Medina County/YourOhioNews listings.
Half Craic'd,band,Cleveland,OH,,missing,https://craicbrothers.com/,official_or_artist_calendar,YES,NO,craicbrothers@gmail.com,,2026-05-16,2026-12-31,18,0,official_site,Official site and Filia schedule. Booking email: craicbrothers@gmail.com.
J Alden Project,band,,OH,,missing,,missing,YES,YES,,,2026-04-24,2026-04-24,1,0,filia_schedule_public_listing,Found on Filia Cellars 2026 public music schedule; standalone web/Facebook source not found in public search.
Jay Wonkovich,solo,Brunswick,OH,https://www.facebook.com/jaywonkovich,confirmed_from_socials_or_scrape,https://www.facebook.com/jaywonkovich,facebook_only_not_website,NO,YES,,,2024-10-26,2026-03-21,5,0,facebook_profile_and_public_event_listings,"Also performs as Uncle Jay, with Coalies Run, and with Out of Eden. Public Facebook profile was identified; recovered gigs came from Gandalf's, iIrish, and Dine Medina County/YourOhioNews listings."
Jerry Popiel,solo,Cleveland,OH,https://www.facebook.com/RyeJr,confirmed_from_socials_or_scrape,https://www.jerrypopiel.com/,official_or_artist_calendar,NO,NO,management@jerrypopiel.com,,2026-01-09,2026-10-30,44,5,artist_website,Cleveland rust belt folk rock artist. Homepage schedule added for daily artist-site sync.
Jim Gill,solo,Medina County,OH,https://www.facebook.com/profile.php?id=100057488046654,confirmed_from_socials_or_scrape,https://www.jimgillmusic.com/,official_or_artist_calendar,NO,NO,gillmusic@earthlink.net,,2026-05-17 23:02:49,2026-05-17 23:02:49,,5,artist_website,Ohio singer/songwriter. Website calendar added for daily artist-site sync.
John Harrow,solo,Cuyahoga Falls,OH,https://www.facebook.com/profile.php?id=100078677635739,candidate_needs_review_no_events_found,https://www.thebash.com/singer-guitarist/john-harrow-solo-acoustic-classics,public_listing_or_profile_not_official,YES,YES,,,2023-09-02,2026-06-20,8,0,the_bash_verified_bookings,"The Bash profile: Cuyahoga Falls solo acoustic performer; verified bookings and reviews. The Bash lists city/event type only, so city-only bookings are stored as non-venue event rows."
John Husbands,solo,Medina,OH,,missing,,missing,YES,YES,,,2026-05-15,2026-05-15,1,0,filia_schedule_public_listing,Medina-based singer-songwriter/guitarist; found on Filia schedule and Medina arts listings.
Just Dee Dee Music,solo/duo,Northeast Ohio,OH,https://www.facebook.com/JustDeeDeeMusic,confirmed_from_socials_or_scrape,https://www.justdeedeemusic.com/,official_or_artist_calendar,NO,NO,JustDeeDeeMusic@gmail.com,440-628-1508,2024-07-18,2026-12-21,190,5,artist_site,Solo | Duo. Covering NE Ohio with live music since 2020.
Katy Robinson,solo,Cuyahoga Falls,OH,https://www.facebook.com/katyrobinsonmusicoh,confirmed_from_socials_or_scrape,https://www.katyrobinson.net,official_or_artist_calendar,NO,NO,,,2018-07-20,2026-04-26,102,5,official_artist_calendar,Official Squarespace/Bandsintown calendar imported; public Facebook events page checked 2026-05-18 and one Facebook-only past event recovered.
Little Steve-O,solo,Akron,OH,https://www.facebook.com/littlesteveo,confirmed_from_socials_or_scrape,https://www.littlesteveo.com/,official_or_artist_calendar,NO,NO,,,2026-01-07,2026-07-10,90,5,official_artist_website_plus_public_venue_pages,Official littlesteveo.com Blogger Events feed parsed for 2026 posts. Public Facebook profile checked at https://www.facebook.com/littlesteveo; event/post details were login-gated. Future Beau's Bar & Bistro dates recovered from public venue listing.
Madison Cummins,solo,Akron,OH,https://www.facebook.com/262512947154257,confirmed_from_socials_or_scrape,https://www.madisoncummins.com/showdates,official_or_artist_calendar,NO,NO,,,2015-01-09,2026-09-06,143,5,official_artist_calendar,Official Squarespace/Bandsintown show dates parsed. Facebook events checked; public page exposes past events only unless logged in.
Maria Petti,solo,,OH,https://www.facebook.com/mariapettimusic,confirmed_from_socials_or_scrape,https://www.mariapetti.com/,official_or_artist_calendar,NO,NO,petti.music@gmail.com,,2025-05-18,2026-12-31,203,5,official_site_and_bandsintown_calendar,Official site says Maria Petti is a full-time freelance musician from Northeast Ohio; 2026 calendar is powered by Bandsintown. Also performs with The Mason District.
Nick Music Trivia,event_host,,OH,,missing,,missing,YES,YES,,,2026-06-05,2026-06-05,1,0,filia_schedule_public_listing,Found on Filia Cellars 2026 public music schedule; tracked as trivia/entertainment host.
Primal Rhythm,band,Cleveland,OH,https://www.facebook.com/primalrhythmensemble,confirmed_from_socials_or_scrape,https://primalrhythm.net/,official_or_artist_calendar,NO,NO,PrimalRhythm@juno.com,,2026-05-29,2026-05-29,1,5,official_site,Official site describes Primal Rhythm as an all-female Cleveland drum ensemble. Contact: PrimalRhythm@juno.com.
Rob Rocks,solo,Cleveland,OH,https://www.facebook.com/robrockscle,confirmed_from_socials_or_scrape,https://robrockscle.com/home,official_or_artist_calendar,NO,NO,,,2026-05-15,2026-12-19,74,5,official_artist_website,Official site schedule imported from https://robrockscle.com/home. Public Facebook profile checked at https://www.facebook.com/robrockscle; no reliable public event feed was available without login.
Scott Bronish,solo,,OH,,missing,,missing,YES,YES,,,2026-05-01,2026-06-26,2,0,filia_schedule_public_listing,Found on Filia Cellars 2026 public music schedule and a Northeast Ohio acoustic artists night listing.
Steve & Paul,duo,,OH,,missing,,missing,YES,YES,,,2026-05-02,2026-06-06,2,0,filia_schedule_public_listing,Found on Filia Cellars 2026 public music schedule and Dine Medina County/YourOhioNews listings.
Tim Rasor,solo,,OH,,missing,,missing,YES,YES,,,2026-05-09,2026-06-13,2,0,filia_schedule_public_listing,Found on Filia Cellars 2026 public music schedule and Dine Medina County/YourOhioNews listings.
Victor Samalot,solo/duo,Cleveland / Akron,OH,https://www.facebook.com/victorsamalot,confirmed_from_socials_or_scrape,https://www.victorsamalot.com/show-schedule,official_or_artist_calendar,NO,NO,,,2026-01-31,2026-08-09,43,5,artist_website,"Instrumental guitarist mixing Latin, jazz, rock, world fusion, improvisation, and live looping. Bandzoogle schedule added for daily artist-site sync."
